id,month,year,posted_date,company,role,location,work_mode,salary_raw,visa_note,header_extra,parse_ok,text_len,has_email,has_url,is_short,text_clean,text,work_mode_source,location_source,company_clean,location_clean,country,is_junk,is_outlier_len,text_model,is_repost,repost_of,repost_group,text_len_band,posting_frequency_band,text_len_scaled
18807034,2019-01,2019,2019-01-02,Fullstack.io,Book author,,Remote,,,Part Time | https://www.fullstack.io/write-a-book/,True,1806,False,True,False,"Fullstack.io | Book author | Remote | Part Time | https://www.fullstack.io/write-a-book/
Earn on order of $50k/year by writing a programming book. We're the authors of Fullstack React, ng-book, Fullstack Vue and we're looking to work with authors like you to write a few new books this year.
Our books sell very well because:
- We go way beyond API docs and teach everything you need to know to build real apps.
- We guarantee the books and code are up to date.
- We invest in marketing the books (and have an active email list of over 100k)
- We love the topics we write about and aim to create something remarkable every time.
If you decided to self-publish, you may find the marketing is more than writing the book. We have an audience, and we know what they want to read - so when your book is done, we already have people who want to buy it.
If you decide to go with a ""traditional"" publisher, you may be given a mediocre editor, write your book in MS Word (ha), and earn 5-15% in royalties. With us, our editors (me) are programmers first, our tooling is dev-friendly, and our royalties are split 50/50. (For scale, the author of Fullstack Vue earned $20k on the opening weekend.)
I'd specifically like to work with someone on Fullstack Go and Fullstack Rust - which is less about the respective languages and more like guides to building full-stack web applications with each, including third-party libraries, etc. But we're also looking to write content about Python, Kubernetes, JavaScript, Elixir, etc. Anything up and coming.
If this sounds like something you'd be interested in, fill out the form linked below. Looking forward to hearing from you!
https://www.fullstack.io/write-a-book/
(I've talked more about our economics of writing books here: https://news.ycombinator.com/item?id=17015117)","Fullstack.io | Book author | Remote | Part Time | <a href=""https:&#x2F;&#x2F;www.fullstack.io&#x2F;write-a-book&#x2F;"" rel=""nofollow"">https:&#x2F;&#x2F;www.fullstack.io&#x2F;write-a-book&#x2F;</a>
Earn on order of $50k&#x2F;year by writing a programming book. We’re the authors of Fullstack React, ng-book, Fullstack Vue and we’re looking to work with authors like you to write a few new books this year.<p>Our books sell very well because:<p>- We go way beyond API docs and teach everything you need to know to build real apps.<p>- We guarantee the books and code are up to date.<p>- We invest in marketing the books (and have an active email list of over 100k)<p>- We love the topics we write about and aim to create something remarkable every time.<p>If you decided to self-publish, you may find the marketing is more than writing the book. We have an audience, and we know what they want to read - so when your book is done, we already have people who want to buy it.<p>If you decide to go with a “traditional” publisher, you may be given a mediocre editor, write your book in MS Word (ha), and earn 5-15% in royalties. With us, our editors (me) are programmers first, our tooling is dev-friendly, and our royalties are split 50&#x2F;50. (For scale, the author of Fullstack Vue earned $20k on the opening weekend.)<p>I’d specifically like to work with someone on Fullstack Go and Fullstack Rust - which is less about the respective languages and more like guides to building full-stack web applications with each, including third-party libraries, etc. But we’re also looking to write content about Python, Kubernetes, JavaScript, Elixir, etc. Anything up and coming.<p>If this sounds like something you’d be interested in, fill out the form linked below. Looking forward to hearing from you!<p><a href=""https:&#x2F;&#x2F;www.fullstack.io&#x2F;write-a-book&#x2F;"" rel=""nofollow"">https:&#x2F;&#x2F;www.fullstack.io&#x2F;write-a-book&#x2F;</a><p>(I&#x27;ve talked more about our economics of writing books here: <a href=""https:&#x2F;&#x2F;news.ycombinator.com&#x2F;item?id=17015117"" rel=""nofollow"">https:&#x2F;&#x2F;news.ycombinator.com&#x2F;item?id=17015117</a>)",header,,fullstack io,,,False,False,"fullstack.io | book author | remote | part time | earn on order of $50k/year by writing a programming book. we're the authors of fullstack react, ng-book, fullstack vue and we're looking to work with authors like you to write a few new books this year. our books sell very well because: - we go way beyond api docs and teach everything you need to know to build real apps. - we guarantee the books and code are up to date. - we invest in marketing the books (and have an active email list of over 100k) - we love the topics we write about and aim to create something remarkable every time. if you decided to self-publish, you may find the marketing is more than writing the book. we have an audience, and we know what they want to read - so when your book is done, we already have people who want to buy it. if you decide to go with a ""traditional"" publisher, you may be given a mediocre editor, write your book in ms word (ha), and earn 5-15% in royalties. with us, our editors (me) are programmers first, our tooling is dev-friendly, and our royalties are split 50/50. (for scale, the author of fullstack vue earned $20k on the opening weekend.) i'd specifically like to work with someone on fullstack go and fullstack rust - which is less about the respective languages and more like guides to building full-stack web applications with each, including third-party libraries, etc. but we're also looking to write content about python, kubernetes, javascript, elixir, etc. anything up and coming. if this sounds like something you'd be interested in, fill out the form linked below. looking forward to hearing from you! (i've talked more about our economics of writing books here:",False,,18807034,long,occasional,1.4137412829703009
18807130,2019-01,2019,2019-01-02,Prima Assicurazioni (prima.it),"Milan, Italy",,Onsite and italian language required,,,Full time | Backend/Frontend/Fullstack/DevOps | https://www.prima.it/carriera,True,1902,True,True,False,"Prima Assicurazioni (prima.it) | Milan, Italy | Full time | Onsite and italian language required | Backend/Frontend/Fullstack/DevOps | https://www.prima.it/carriera
We are a team of really smart people working in a very well funded startup trying to disrupt insurance in Italy by using technology as our main competitive advantage.
We employ a micro service architecture (10s of them are in production atm), Docker and AWS.
Most of our micro services are written in Elixir, we also have some Ruby, Haskell, Python and Rust in production besides a legacy Symfony 2 application, while on the front end side we are mainly using Elm.
We have a lot of automation in place, we run a pretty comprehensive test suite on Drone CI at every push and every developer can spin up QA environments that mirror our entire stack for a given feature branch (this is made possible by having all of our infrastructure managed through CloudFormation templates). All of this allows us to confidently deploy to production multiple times per day.
Our stack:
AWS (a lot of services), CloudFlare
OS: Amazon Linux
EC2 instance number: from ~30 to ~100: we scale automatically a lot of times during the day and treat our infrastructure as immutable
Infrastructure: CloudFormation + scripts
CD: Drone CI, Docker (dev -> qa -> staging -> production)
Container orchestration: AWS ECS
DB: Aurora MySQL and PostgreSQL, Redshift, ElastiCache Redis, DynamoDB
Monitoring: ELK, DataDog, New Relic, CloudWatch
Team organization: small cross functional agile teams (every team has at least one person for all of these roles: backend engineer, frontend engineer, web designer, qa engineer, devops engineer)
Backend languages: Elixir, PHP (we're phasing it out long term), Haskell, Python, Rust, Ruby
Frontend languages: Elm, Javascript
If you're interested or just want some more info feel free to email me directly at andrea.usuelli@prima.it","Prima Assicurazioni (prima.it) | Milan, Italy | Full time | Onsite and italian language required | Backend&#x2F;Frontend&#x2F;Fullstack&#x2F;DevOps | <a href=""https:&#x2F;&#x2F;www.prima.it&#x2F;carriera"" rel=""nofollow"">https:&#x2F;&#x2F;www.prima.it&#x2F;carriera</a><p>We are a team of really smart people working in a very well funded startup trying to disrupt insurance in Italy by using technology as our main competitive advantage.
We employ a micro service architecture (10s of them are in production atm), Docker and AWS.<p>Most of our micro services are written in Elixir, we also have some Ruby, Haskell, Python and Rust in production besides a legacy Symfony 2 application, while on the front end side we are mainly using Elm.<p>We have a lot of automation in place, we run a pretty comprehensive test suite on Drone CI at every push and every developer can spin up QA environments that mirror our entire stack for a given feature branch (this is made possible by having all of our infrastructure managed through CloudFormation templates). All of this allows us to confidently deploy to production multiple times per day.<p>Our stack:<p><pre><code>  AWS (a lot of services), CloudFlare
  OS: Amazon Linux
  EC2 instance number: from ~30 to ~100: we scale automatically a lot of times during the day and treat our infrastructure as immutable
  Infrastructure: CloudFormation + scripts
  CD: Drone CI, Docker (dev -&gt; qa -&gt; staging -&gt; production)
  Container orchestration: AWS ECS
  DB: Aurora MySQL and PostgreSQL, Redshift, ElastiCache Redis, DynamoDB
  Monitoring: ELK, DataDog, New Relic, CloudWatch
  Team organization: small cross functional agile teams (every team has at least one person for all of these roles: backend engineer, frontend engineer, web designer, qa engineer, devops engineer)
  Backend languages: Elixir, PHP (we&#x27;re phasing it out long term), Haskell, Python, Rust, Ruby
  Frontend languages: Elm, Javascript
</code></pre>
If you&#x27;re interested or just want some more info feel free to email me directly at andrea.usuelli@prima.it",header,,prima assicurazioni,,,False,False,"prima assicurazioni (prima.it) | milan, italy | full time | onsite and italian language required | backend/frontend/fullstack/devops | we are a team of really smart people working in a very well funded startup trying to disrupt insurance in italy by using technology as our main competitive advantage. we employ a micro service architecture (10s of them are in production atm), docker and aws. most of our micro services are written in elixir, we also have some ruby, haskell, python and rust in production besides a legacy symfony 2 application, while on the front end side we are mainly using elm. we have a lot of automation in place, we run a pretty comprehensive test suite on drone ci at every push and every developer can spin up qa environments that mirror our entire stack for a given feature branch (this is made possible by having all of our infrastructure managed through cloudformation templates). all of this allows us to confidently deploy to production multiple times per day. our stack: aws (a lot of services), cloudflare os: amazon linux ec2 instance number: from ~30 to ~100: we scale automatically a lot of times during the day and treat our infrastructure as immutable infrastructure: cloudformation + scripts cd: drone ci, docker (dev -> qa -> staging -> production) container orchestration: aws ecs db: aurora mysql and postgresql, redshift, elasticache redis, dynamodb monitoring: elk, datadog, new relic, cloudwatch team organization: small cross functional agile teams (every team has at least one person for all of these roles: backend engineer, frontend engineer, web designer, qa engineer, devops engineer) backend languages: elixir, php (we're phasing it out long term), haskell, python, rust, ruby frontend languages: elm, javascript if you're interested or just want some more info feel free to email me directly at",False,,18807130,long,occasional,1.5967905923603392
18807059,2019-01,2019,2019-01-02,Gambit Research Ltd (http://gambitresearch.com),"London, UK",London,ONSITE,£40-85k + Bonus + Benefits + Flexible Hours + Personal training budget,,,True,1646,False,True,False,"Gambit Research Ltd (http://gambitresearch.com) | London, UK | ONSITE | £40-85k + Bonus + Benefits + Flexible Hours + Personal training budget
At Gambit Research we specialise in creating and managing an automated betting service, via research, statistical analysis and the use of complex algorithms. We ingest and organise terabytes of market and event data from more than fifty sources and make the data available to our strategy teams via internal APIs. We care deeply about speed, accuracy and availability.
Our flagship product, MollyBet, presents the odds offered by many of the world's largest bookmakers and betting exchanges, and enables clients to bet with multiple operators with a single mouse-click or API request. Molly is generally regarded as the best product in its class.
We're always looking for clever, pragmatic, and autonomous individuals to join our team - individuals like you. We have a unique culture, where hierarchy and fancy job titles don't matter. Instead our team is given the freedom to choose their own tools, work on projects they actually find interesting, and have totally flexible working hours. The technologies our team typically works with includes: Python, Erlang, Linux, Docker, Kubernetes, Ansible, C, C++, Java, Haskell, Julia, Go, JavaScript, AngularJS, ReactJS, Django, PostgreSQL, Redis, Apache Spark, Apache Kafka, RabbitMQ, Celery, Elasticsearch, Logstash, Kibana, Graphite, Sentry, Git, and GitLab.
We're currently recruiting for:
Python developers (all levels)
Erlang developers
JavaScript React developers
Linux infrastructure engineer / Sysadmin / SRE / DevOps engineer
Junior Product Analyst","Gambit Research Ltd (<a href=""http:&#x2F;&#x2F;gambitresearch.com"" rel=""nofollow"">http:&#x2F;&#x2F;gambitresearch.com</a>) | London, UK | ONSITE | £40-85k + Bonus + Benefits + Flexible Hours + Personal training budget<p>At Gambit Research we specialise in creating and managing an automated betting service, via research, statistical analysis and the use of complex algorithms. We ingest and organise terabytes of market and event data from more than fifty sources and make the data available to our strategy teams via internal APIs. We care deeply about speed, accuracy and availability.<p>Our flagship product, MollyBet, presents the odds offered by many of the world’s largest bookmakers and betting exchanges, and enables clients to bet with multiple operators with a single mouse-click or API request. Molly is generally regarded as the best product in its class.<p>We’re always looking for clever, pragmatic, and autonomous individuals to join our team - individuals like you. We have a unique culture, where hierarchy and fancy job titles don’t matter. Instead our team is given the freedom to choose their own tools, work on projects they actually find interesting, and have totally flexible working hours. The technologies our team typically works with includes: Python, Erlang, Linux, Docker, Kubernetes, Ansible, C, C++, Java, Haskell, Julia, Go, JavaScript, AngularJS, ReactJS, Django, PostgreSQL, Redis, Apache Spark, Apache Kafka, RabbitMQ, Celery, Elasticsearch, Logstash, Kibana, Graphite, Sentry, Git, and GitLab.<p>We’re currently recruiting for:<p>Python developers (all levels)<p>Erlang developers<p>JavaScript React developers<p>Linux infrastructure engineer &#x2F; Sysadmin &#x2F; SRE &#x2F; DevOps engineer<p>Junior Product Analyst",header,body,gambit research,"London, UK",United Kingdom,False,False,"gambit research ltd ( | london, uk | onsite | £40-85k + bonus + benefits + flexible hours + personal training budget at gambit research we specialise in creating and managing an automated betting service, via research, statistical analysis and the use of complex algorithms. we ingest and organise terabytes of market and event data from more than fifty sources and make the data available to our strategy teams via internal apis. we care deeply about speed, accuracy and availability. our flagship product, mollybet, presents the odds offered by many of the world's largest bookmakers and betting exchanges, and enables clients to bet with multiple operators with a single mouse-click or api request. molly is generally regarded as the best product in its class. we're always looking for clever, pragmatic, and autonomous individuals to join our team - individuals like you. we have a unique culture, where hierarchy and fancy job titles don't matter. instead our team is given the freedom to choose their own tools, work on projects they actually find interesting, and have totally flexible working hours. the technologies our team typically works with includes: python, erlang, linux, docker, kubernetes, ansible, c, c++, java, haskell, julia, go, javascript, angularjs, reactjs, django, postgresql, redis, apache spark, apache kafka, rabbitmq, celery, elasticsearch, logstash, kibana, graphite, sentry, git, and gitlab. we're currently recruiting for: python developers (all levels) erlang developers javascript react developers linux infrastructure engineer / sysadmin / sre / devops engineer junior product analyst",False,,18807059,long,regular,1.1086591006535707
18807204,2019-01,2019,2019-01-02,New Knowledge,Multiple Positions,"Austin, TX",Onsite,,,Full-time | https://newknowledge.com/,True,1443,False,True,False,"New Knowledge | Multiple Positions | Austin, TX | Full-time | Onsite | https://newknowledge.com/
New Knowledge is on a mission to defend public discourse. We build products that repair online communities, identify manipulation, and help them communicate more authentically. In a world where social media is being manipulated on a massive scale, this is no small task. We care about protecting communities, brands, and companies from being targeted by the spreading of disinformation. The right fit for us is someone who is passionate about that challenge and mission. We just closed an $11M Series A in August 2018 (https://tcrn.ch/2Pfuw6X) and we are on the fast track to grow a powerful, mission driven team!
Our tech stack: Python, Flask, Javascript, Node, React, Postgres, Kafka, Jenkins, Docker, Kubernetes, Terraform, Ansible
Our current technical openings: Data Science Manager, DevOps Engineer, Full Stack Engineer, Lead Software Engineer, Machine Learning Engineer, Senior Software Engineer, Computational Disinformation Analyst, Client Success Director, Product Designer, Product Manager.
Our non-technical positions: Head of Sales, and Business Development Director.
You can view more information and apply to these roles at https://grnh.se/43037c332
If you have any questions about a position, the company, or the hiring process you can email me here: jeff (at) newknowledge (dot) com and mention ""Hacker News"" in the subject line.","New Knowledge | Multiple Positions | Austin, TX | Full-time | Onsite | <a href=""https:&#x2F;&#x2F;newknowledge.com&#x2F;"" rel=""nofollow"">https:&#x2F;&#x2F;newknowledge.com&#x2F;</a><p>New Knowledge is on a mission to defend public discourse. We build products that repair online communities, identify manipulation, and help them communicate more authentically. In a world where social media is being manipulated on a massive scale, this is no small task. We care about protecting communities, brands, and companies from being targeted by the spreading of disinformation. The right fit for us is someone who is passionate about that challenge and mission. We just closed an $11M Series A in August 2018 (<a href=""https:&#x2F;&#x2F;tcrn.ch&#x2F;2Pfuw6X"" rel=""nofollow"">https:&#x2F;&#x2F;tcrn.ch&#x2F;2Pfuw6X</a>) and we are on the fast track to grow a powerful, mission driven team!<p>Our tech stack: Python, Flask, Javascript, Node, React, Postgres, Kafka, Jenkins, Docker, Kubernetes, Terraform, Ansible<p>Our current technical openings: Data Science Manager, DevOps Engineer, Full Stack Engineer, Lead Software Engineer, Machine Learning Engineer, Senior Software Engineer, Computational Disinformation Analyst, Client Success Director, Product Designer, Product Manager.<p>Our non-technical positions: Head of Sales, and Business Development Director.<p>You can view more information and apply to these roles at <a href=""https:&#x2F;&#x2F;grnh.se&#x2F;43037c332"" rel=""nofollow"">https:&#x2F;&#x2F;grnh.se&#x2F;43037c332</a><p>If you have any questions about a position, the company, or the hiring process you can email me here: jeff (at) newknowledge (dot) com and mention &quot;Hacker News&quot; in the subject line.",header,header,new knowledge,"Austin, TX",USA,False,False,"new knowledge | multiple positions | austin, tx | full-time | onsite | new knowledge is on a mission to defend public discourse. we build products that repair online communities, identify manipulation, and help them communicate more authentically. in a world where social media is being manipulated on a massive scale, this is no small task. we care about protecting communities, brands, and companies from being targeted by the spreading of disinformation. the right fit for us is someone who is passionate about that challenge and mission. we just closed an $11m series a in august 2018 ( and we are on the fast track to grow a powerful, mission driven team! our tech stack: python, flask, javascript, node, react, postgres, kafka, jenkins, docker, kubernetes, terraform, ansible our current technical openings: data science manager, devops engineer, full stack engineer, lead software engineer, machine learning engineer, senior software engineer, computational disinformation analyst, client success director, product designer, product manager. our non-technical positions: head of sales, and business development director. you can view more information and apply to these roles at if you have any questions about a position, the company, or the hiring process you can email me here: jeff (at) newknowledge (dot) com and mention ""hacker news"" in the subject line.",False,,18807204,long,occasional,0.721586081839219
18807035,2019-01,2019,2019-01-02,BBC iPlayer,London,London,On Site,33k - 49k GBP,,Fulltime | Back-End Software Engineer,True,1319,False,True,False,"BBC iPlayer | London | Fulltime | On Site | Back-End Software Engineer | 33k - 49k GBP
The job description is pretty much on point - we're a small team of 4 engineers (one of whom is me). We build the API for iPlayer, which is used by the Mobile Apps, TV Apps and the Website.
We're heavily investing into personalisation and experimentation at the moment, working closely across all three platforms and finding the best ways to promote the right content to each user individually at the right time and in the right way. Another focus this year is on Live events, and Music, Sports and News content. There is scope to have a real impact on the product and consulting with architects and product managers.
Our tech stack is mostly Node.js, with several dozen microservices. We manage a couple hundred EC2 instances, dozens of Redis caches and databases, and half a dozen Postgres databases, with code deployed directly to production every day. We have 10% time, as well as days dedicated to personal objectives, and some working from home days.
Full job description: https://careershub.bbc.co.uk/members/modules/job/detail.php?...
And some more background about how we work in two blog posts:
https://iplayer.engineering/how-an-iplayer-api-engineer-deli...
https://iplayer.engineering/the-tech-stack-that-powers-bbc-i...","BBC iPlayer | London | Fulltime | On Site | Back-End Software Engineer | 33k - 49k GBP<p>The job description is pretty much on point - we&#x27;re a small team of 4 engineers (one of whom is me). We build the API for iPlayer, which is used by the Mobile Apps, TV Apps and the Website.<p>We&#x27;re heavily investing into personalisation and experimentation at the moment, working closely across all three platforms and finding the best ways to promote the right content to each user individually at the right time and in the right way. Another focus this year is on Live events, and Music, Sports and News content. There is scope to have a real impact on the product and consulting with architects and product managers.<p>Our tech stack is mostly Node.js, with several dozen microservices. We manage a couple hundred EC2 instances, dozens of Redis caches and databases, and half a dozen Postgres databases, with code deployed directly to production every day. We have 10% time, as well as days dedicated to personal objectives, and some working from home days.<p>Full job description: <a href=""https:&#x2F;&#x2F;careershub.bbc.co.uk&#x2F;members&#x2F;modules&#x2F;job&#x2F;detail.php?record=34164"" rel=""nofollow"">https:&#x2F;&#x2F;careershub.bbc.co.uk&#x2F;members&#x2F;modules&#x2F;job&#x2F;detail.php?...</a><p>And some more background about how we work in two blog posts:<p><a href=""https:&#x2F;&#x2F;iplayer.engineering&#x2F;how-an-iplayer-api-engineer-delivers-platform-features-across-platforms-f0b508dcf7b3"" rel=""nofollow"">https:&#x2F;&#x2F;iplayer.engineering&#x2F;how-an-iplayer-api-engineer-deli...</a><p><a href=""https:&#x2F;&#x2F;iplayer.engineering&#x2F;the-tech-stack-that-powers-bbc-iplayer-471575318e2a"" rel=""nofollow"">https:&#x2F;&#x2F;iplayer.engineering&#x2F;the-tech-stack-that-powers-bbc-i...</a>",header,body,bbc iplayer,"London, UK",United Kingdom,False,False,"bbc iplayer | london | fulltime | on site | back-end software engineer | 33k - 49k gbp the job description is pretty much on point - we're a small team of 4 engineers (one of whom is me). we build the api for iplayer, which is used by the mobile apps, tv apps and the website. we're heavily investing into personalisation and experimentation at the moment, working closely across all three platforms and finding the best ways to promote the right content to each user individually at the right time and in the right way. another focus this year is on live events, and music, sports and news content. there is scope to have a real impact on the product and consulting with architects and product managers. our tech stack is mostly node.js, with several dozen microservices. we manage a couple hundred ec2 instances, dozens of redis caches and databases, and half a dozen postgres databases, with code deployed directly to production every day. we have 10% time, as well as days dedicated to personal objectives, and some working from home days. full job description: and some more background about how we work in two blog posts:",False,,,long,one_off,0.48514739054375305
18807159,2019-01,2019,2019-01-02,Indigo Agriculture,"Back-end, front-end, DevOps, PM, Data Science, Computational Biologist","Boston, MA",On-site,,,Full-time | https://www.indigoag.com/join-us,True,1380,False,True,False,"Indigo Agriculture | Back-end, front-end, DevOps, PM, Data Science, Computational Biologist | Boston, MA | Full-time | On-site | https://www.indigoag.com/join-us
================
We're the fastest growing unicorn you've never heard of [0].
Indigo is revolutionizing agtech by offering better crops to farmers through technology. Agtech is one of the most underhyped technology trends [1] and we're serving a multi-trillion dollar marketplace services industry [2].
We're growing so fast that we have to add 35-50 engineers in 2019. Back-end, front-end, devops, data science; you name it, we need the help (including PM and UX roles - see all of them here: https://www.indigoag.com/join-us ).
Our tech stack includes AWS, Docker, Kubernetes (DevOps), Postgres (DB), Node & GraphQL (back-end), React & Apollo (front-end), and Python (data science / comp bio).
We also offer incredible perks. Free lunch (a rarity in Boston), massive commuter benefits (both MBTA and bicycling), fitness reimbursement, ample vacation; we really focus on and believe in both health and sustainability.
I'd be happy to tell you more, so feel free to PM me and I'll personally refer you to the company.
[0] https://www.builtinboston.com/2017/09/26/agtech-startup-indi...
[1] http://stateofstartups.firstround.com/2018/#trends-and-takes
[2] https://andrewchen.co/how-marketplaces-will-reinvent-the-ser...","Indigo Agriculture | Back-end, front-end, DevOps, PM, Data Science, Computational Biologist | Boston, MA | Full-time | On-site | <a href=""https:&#x2F;&#x2F;www.indigoag.com&#x2F;join-us"" rel=""nofollow"">https:&#x2F;&#x2F;www.indigoag.com&#x2F;join-us</a><p>================<p>We&#x27;re the fastest growing unicorn you&#x27;ve never heard of [0].<p>Indigo is revolutionizing agtech by offering better crops to farmers through technology. Agtech is one of the most underhyped technology trends [1] and we&#x27;re serving a multi-trillion dollar marketplace services industry [2].<p>We&#x27;re growing so fast that we have to add 35-50 engineers in 2019. Back-end, front-end, devops, data science; you name it, we need the help (including PM and UX roles - see all of them here: <a href=""https:&#x2F;&#x2F;www.indigoag.com&#x2F;join-us"" rel=""nofollow"">https:&#x2F;&#x2F;www.indigoag.com&#x2F;join-us</a> ).<p>Our tech stack includes AWS, Docker, Kubernetes (DevOps), Postgres (DB), Node &amp; GraphQL (back-end), React &amp; Apollo (front-end), and Python (data science &#x2F; comp bio).<p>We also offer incredible perks. Free lunch (a rarity in Boston), massive commuter benefits (both MBTA and bicycling), fitness reimbursement, ample vacation; we really focus on and believe in both health and sustainability.<p>I&#x27;d be happy to tell you more, so feel free to PM me and I&#x27;ll personally refer you to the company.<p>[0] <a href=""https:&#x2F;&#x2F;www.builtinboston.com&#x2F;2017&#x2F;09&#x2F;26&#x2F;agtech-startup-indigo-boston-tech-unicorn"" rel=""nofollow"">https:&#x2F;&#x2F;www.builtinboston.com&#x2F;2017&#x2F;09&#x2F;26&#x2F;agtech-startup-indi...</a><p>[1] <a href=""http:&#x2F;&#x2F;stateofstartups.firstround.com&#x2F;2018&#x2F;#trends-and-takes"" rel=""nofollow"">http:&#x2F;&#x2F;stateofstartups.firstround.com&#x2F;2018&#x2F;#trends-and-takes</a><p>[2] <a href=""https:&#x2F;&#x2F;andrewchen.co&#x2F;how-marketplaces-will-reinvent-the-service-economy&#x2F;"" rel=""nofollow"">https:&#x2F;&#x2F;andrewchen.co&#x2F;how-marketplaces-will-reinvent-the-ser...</a>",header,header,indigo agriculture,"Boston, MA",USA,False,False,"indigo agriculture | back-end, front-end, devops, pm, data science, computational biologist | boston, ma | full-time | on-site | ================ we're the fastest growing unicorn you've never heard of [0]. indigo is revolutionizing agtech by offering better crops to farmers through technology. agtech is one of the most underhyped technology trends [1] and we're serving a multi-trillion dollar marketplace services industry [2]. we're growing so fast that we have to add 35-50 engineers in 2019. back-end, front-end, devops, data science; you name it, we need the help (including pm and ux roles - see all of them here: ). our tech stack includes aws, docker, kubernetes (devops), postgres (db), node & graphql (back-end), react & apollo (front-end), and python (data science / comp bio). we also offer incredible perks. free lunch (a rarity in boston), massive commuter benefits (both mbta and bicycling), fitness reimbursement, ample vacation; we really focus on and believe in both health and sustainability. i'd be happy to tell you more, so feel free to pm me and i'll personally refer you to the company. [0] [1] [2]",False,,18807159,long,regular,0.6014599725520064
18807065,2019-01,2019,2019-01-02,Quantopian,Site Reliability Engineer,"Boston, MA, USA",ONSITE,,,https://www.quantopian.com,True,1081,False,True,False,"Quantopian | Site Reliability Engineer | Boston, MA, USA | ONSITE | https://www.quantopian.com
Quantopian empowers amateur and professional quants to find alpha in trading markets. We provide a hosted Python platform for free-form research of market data, an open-source backtesting engine, and a large base of educational material for quants of all experience levels.
We're looking for Site Reliability Engineers (SREs) to support our rapidly expanding user base and build towards our ambitious product roadmap. The SRE team at Quantopian manages the full cloud infrastructure platform that all of our products and services run on. We oversee code deployments, monitoring and alarm systems, databases, servers, containers, test infrastructure, and more.
You'll get hands-on experience with Python, Kubernetes, Apache Airflow (https://www.youtube.com/watch?v=81F8A6tHM30), Postgres, MongoDB, and more.
Full details are here: https://quantopian.recruiterbox.com/jobs/fk0jw29
If you have any questions, I'd love to hear from you - jd {AT} quantopian.com - I manage the SRE team here.","Quantopian | Site Reliability Engineer | Boston, MA, USA | ONSITE | <a href=""https:&#x2F;&#x2F;www.quantopian.com"" rel=""nofollow"">https:&#x2F;&#x2F;www.quantopian.com</a><p>Quantopian empowers amateur and professional quants to find alpha in trading markets. We provide a hosted Python platform for free-form research of market data, an open-source backtesting engine, and a large base of educational material for quants of all experience levels.<p>We&#x27;re looking for Site Reliability Engineers (SREs) to support our rapidly expanding user base and build towards our ambitious product roadmap. The SRE team at Quantopian manages the full cloud infrastructure platform that all of our products and services run on. We oversee code deployments, monitoring and alarm systems, databases, servers, containers, test infrastructure, and more.<p>You&#x27;ll get hands-on experience with Python, Kubernetes, Apache Airflow (<a href=""https:&#x2F;&#x2F;www.youtube.com&#x2F;watch?v=81F8A6tHM30"" rel=""nofollow"">https:&#x2F;&#x2F;www.youtube.com&#x2F;watch?v=81F8A6tHM30</a>), Postgres, MongoDB, and more.<p>Full details are here: <a href=""https:&#x2F;&#x2F;quantopian.recruiterbox.com&#x2F;jobs&#x2F;fk0jw29"" rel=""nofollow"">https:&#x2F;&#x2F;quantopian.recruiterbox.com&#x2F;jobs&#x2F;fk0jw29</a><p>If you have any questions, I&#x27;d love to hear from you - jd {AT} quantopian.com - I manage the SRE team here.",header,header,quantopian,"Boston, MA",USA,False,False,"quantopian | site reliability engineer | boston, ma, usa | onsite | quantopian empowers amateur and professional quants to find alpha in trading markets. we provide a hosted python platform for free-form research of market data, an open-source backtesting engine, and a large base of educational material for quants of all experience levels. we're looking for site reliability engineers (sres) to support our rapidly expanding user base and build towards our ambitious product roadmap. the sre team at quantopian manages the full cloud infrastructure platform that all of our products and services run on. we oversee code deployments, monitoring and alarm systems, databases, servers, containers, test infrastructure, and more. you'll get hands-on experience with python, kubernetes, apache airflow ( postgres, mongodb, and more. full details are here: if you have any questions, i'd love to hear from you - jd {at} quantopian.com - i manage the sre team here.",False,,,medium,occasional,0.03133764434761672
18807190,2019-01,2019,2019-01-02,Fresh4cast,Python Developer,London: Spitalfields,ONSITE,£28k+pa + share options,,Full-Time,True,1093,True,False,False,"Fresh4cast | Python Developer | £28k+pa + share options | London: Spitalfields | Full-Time | ONSITE
Fresh4cast | Data Scientist | £36k+pa + share options | London: Spitalfields | Full-Time | ONSITE
Fresh4cast is an early growth-stage company transforming the fresh fruit and veg sector by providing accurate, real-time forecast-as-a-service across the fresh produce supply chain. We are looking for a senior data scientist to come and take over from the CEO and lead/build our data science team, and a full-stack Python developer to join our CTO in building the platform, and delivering to customers.
You will be our fifth and sixth team members, so we're looking for people looking to develop their career quickly over the next few years and want to be at the heart of a growing startup.
We are currently profitable, and are seeking to expand our successful platform rapidly in 2019.
Tech stack: AWS, MySQL, Python/Django backend with plenty of Pandas. Python/Keras Data Science and Typescript/d3 frontend.
To apply please send an email introducing yourself and a CV to member@fresh4cast.com.","Fresh4cast | Python Developer | £28k+pa + share options | London: Spitalfields | Full-Time | ONSITE<p>Fresh4cast | Data Scientist | £36k+pa + share options | London: Spitalfields | Full-Time | ONSITE<p>Fresh4cast is an early growth-stage company transforming the fresh fruit and veg sector by providing accurate, real-time forecast-as-a-service across the fresh produce supply chain. We are looking for a senior data scientist to come and take over from the CEO and lead&#x2F;build our data science team, and a full-stack Python developer to join our CTO in building the platform, and delivering to customers.<p>You will be our fifth and sixth team members, so we&#x27;re looking for people looking to develop their career quickly over the next few years and want to be at the heart of a growing startup.<p>We are currently profitable, and are seeking to expand our successful platform rapidly in 2019.<p>Tech stack: AWS, MySQL, Python&#x2F;Django backend with plenty of Pandas. Python&#x2F;Keras Data Science and Typescript&#x2F;d3 frontend.<p>To apply please send an email introducing yourself and a CV to member@fresh4cast.com.",header,header,fresh4cast,"London, UK",United Kingdom,False,False,"fresh4cast | python developer | £28k+pa + share options | london: spitalfields | full-time | onsite fresh4cast | data scientist | £36k+pa + share options | london: spitalfields | full-time | onsite fresh4cast is an early growth-stage company transforming the fresh fruit and veg sector by providing accurate, real-time forecast-as-a-service across the fresh produce supply chain. we are looking for a senior data scientist to come and take over from the ceo and lead/build our data science team, and a full-stack python developer to join our cto in building the platform, and delivering to customers. you will be our fifth and sixth team members, so we're looking for people looking to develop their career quickly over the next few years and want to be at the heart of a growing startup. we are currently profitable, and are seeking to expand our successful platform rapidly in 2019. tech stack: aws, mysql, python/django backend with plenty of pandas. python/keras data science and typescript/d3 frontend. to apply please send an email introducing yourself and a cv to",False,,,medium,one_off,0.054218808021371495
18807165,2019-01,2019,2019-01-02,Lendable,"London, UK",London,ONSITE,£60-85k + Benefits,,,True,976,True,False,False,"Lendable | London, UK | ONSITE | £60-85k + Benefits
We are the UK's fastest growing consumer lending platform. Well-funded and profitable after only three years, we're a small team of high performers who have built outstanding technology to deliver real innovation in lending.
A key contributor to our growth are our Data Science team. To facilitate further expansion and impact the data science team are seeking a Python developer who will take responsibility for bringing internal Data Science products into production. This is a greenfield role where the successful candidate will sit at the intersection of engineering and data science. The role offers autonomy on implementing professional structure to existing data science services.
The role would by its nature result in exposure to the data science project lifecycle where learning new technologies and skills will be supported and encouraged.
Tech Stack: Python, Kubernetes, Docker, Angular
Email nick@lendable.co.uk","Lendable | London, UK | ONSITE | £60-85k + Benefits<p>We are the UK&#x27;s fastest growing consumer lending platform. Well-funded and profitable after only three years, we&#x27;re a small team of high performers who have built outstanding technology to deliver real innovation in lending.
A key contributor to our growth are our Data Science team. To facilitate further expansion and impact the data science team are seeking a Python developer who will take responsibility for bringing internal Data Science products into production. This is a greenfield role where the successful candidate will sit at the intersection of engineering and data science. The role offers autonomy on implementing professional structure to existing data science services.
The role would by its nature result in exposure to the data science project lifecycle where learning new technologies and skills will be supported and encouraged.<p>Tech Stack: Python, Kubernetes, Docker, Angular<p>Email nick@lendable.co.uk",header,body,lendable,"London, UK",United Kingdom,False,False,"lendable | london, uk | onsite | £60-85k + benefits we are the uk's fastest growing consumer lending platform. well-funded and profitable after only three years, we're a small team of high performers who have built outstanding technology to deliver real innovation in lending. a key contributor to our growth are our data science team. to facilitate further expansion and impact the data science team are seeking a python developer who will take responsibility for bringing internal data science products into production. this is a greenfield role where the successful candidate will sit at the intersection of engineering and data science. the role offers autonomy on implementing professional structure to existing data science services. the role would by its nature result in exposure to the data science project lifecycle where learning new technologies and skills will be supported and encouraged. tech stack: python, kubernetes, docker, angular email",False,,,medium,regular,-0.16887253779773753
18807019,2019-01,2019,2019-01-02,BuzzSumo,Infrastructure Engineer,,REMOTE,,,Full-Time | https://buzzsumo.com,True,1451,False,True,False,"BuzzSumo | Infrastructure Engineer | REMOTE | Full-Time | https://buzzsumo.com
BuzzSumo is a content marketing platform that provides insights into what content is resonating across social media. Our customers range from marketing agencies to huge publishers like BuzzFeed. We crawl millions of web pages a day, and store + process terabyes of social data.
We're hiring for a few roles.
First, we are looking for an infrastructure engineer. This role will be a mix of operations-related projects and developing features, with more emphasis on the former. You'll help with scaling, monitoring, and improving our infrastructure (such as our Elasticsearch clusters) You'll be writing monitoring scripts, responding to production incidents, improving our security and backup processes, and provisioning new servers to help us scale. You will get the opportunity to recommend/implement ways to modernize our infrastructure (ie. using Docker).
Second, we are looking for a backend engineer with experience in Ruby on Rails and distributed systems, who can help develop new features for our platform. If you're interested in crawling/storing/searching lots of data, and less interested in the operations side of things, this role is for you.
Tech Stack: Ruby on Rails, Sidekiq, Elasticsearch, Postgres, and Redis
This is a remote role, but due to employment laws, we are only legally allowed to hire citizens based in the United States, or UK/France/Germany.","BuzzSumo | Infrastructure Engineer | REMOTE | Full-Time | <a href=""https:&#x2F;&#x2F;buzzsumo.com"" rel=""nofollow"">https:&#x2F;&#x2F;buzzsumo.com</a><p>BuzzSumo is a content marketing platform that provides insights into what content is resonating across social media. Our customers range from marketing agencies to huge publishers like BuzzFeed. We crawl millions of web pages a day, and store + process terabyes of social data.<p>We&#x27;re hiring for a few roles.<p>First, we are looking for an infrastructure engineer. This role will be a mix of operations-related projects and developing features, with more emphasis on the former. You&#x27;ll help with scaling, monitoring, and improving our infrastructure (such as our Elasticsearch clusters) You&#x27;ll be writing monitoring scripts, responding to production incidents, improving our security and backup processes, and provisioning new servers to help us scale. You will get the opportunity to recommend&#x2F;implement ways to modernize our infrastructure (ie. using Docker).<p>Second, we are looking for a backend engineer with experience in Ruby on Rails and distributed systems, who can help develop new features for our platform. If you&#x27;re interested in crawling&#x2F;storing&#x2F;searching lots of data, and less interested in the operations side of things, this role is for you.<p>Tech Stack: Ruby on Rails, Sidekiq, Elasticsearch, Postgres, and Redis<p>This is a remote role, but due to employment laws, we are only legally allowed to hire citizens based in the United States, or UK&#x2F;France&#x2F;Germany.",header,,buzzsumo,,,False,False,"buzzsumo | infrastructure engineer | remote | full-time | buzzsumo is a content marketing platform that provides insights into what content is resonating across social media. our customers range from marketing agencies to huge publishers like buzzfeed. we crawl millions of web pages a day, and store + process terabyes of social data. we're hiring for a few roles. first, we are looking for an infrastructure engineer. this role will be a mix of operations-related projects and developing features, with more emphasis on the former. you'll help with scaling, monitoring, and improving our infrastructure (such as our elasticsearch clusters) you'll be writing monitoring scripts, responding to production incidents, improving our security and backup processes, and provisioning new servers to help us scale. you will get the opportunity to recommend/implement ways to modernize our infrastructure (ie. using docker). second, we are looking for a backend engineer with experience in ruby on rails and distributed systems, who can help develop new features for our platform. if you're interested in crawling/storing/searching lots of data, and less interested in the operations side of things, this role is for you. tech stack: ruby on rails, sidekiq, elasticsearch, postgres, and redis this is a remote role, but due to employment laws, we are only legally allowed to hire citizens based in the united states, or uk/france/germany.",False,,,long,occasional,0.7368401909550556
18807161,2019-01,2019,2019-01-02,Sompani UG,Software Developer & DevOps,Berlin; Paid Internship / Junior position Where: Berlin,,,,,True,1695,True,False,False,"Sompani UG | Software Developer & DevOps | Berlin | Paid Internship / Junior position Where: Berlin
What: 6 months paid internship / working student / junior When: Yesterday Our promise: We will be your career game-changer
We will jump-start your career:
You'll take a deep dive into Software Engineering and/or Systems Architecture in an early-stage startup. With us, you'll build something people love, from scratch. We have to be truly Agile and deliver in quick, little iterations. We also can't afford unstable code or unreliable systems. We take Software Crafting and Site Reliability Engineering very seriously. You will plan and grow software and systems as if it's you own company. If you are dreaming of launching your startup in the future, there is no better place to prepare and learn. Your time at an early-stage startup like us will be a unique opportunity to grow Engineering/Ops skills and have fun at the same time.
What you bring to the battlefield:
You know your way around PHP (we use modern, type safe PHP 7.3) and/or (Postgre)SQL.
You have some exposure to JS/CSS/HTML5 doing modern frontend work.
You've used your favourite browser's Developer Tools You have installed Linux somewhere once or twice.
Your responsibilities:
Help me design and implement new features and grow infrastructure. Improve our CI/CD pipeline (GitLab). Deploying on a Friday night and actually enjoying the weekend is our end-game. You'll research and implement algorithms from the Machine Learning, Statistics and Natural Language Processing (NLP) domains to improve critical parts of our product. Plan and grow Cloud infrastructure (AWS).
Write me, I'll reply to all messages: artjom@sompani.com","Sompani UG | Software Developer &amp; DevOps | Berlin | Paid Internship &#x2F; Junior position Where: Berlin
What: 6 months paid internship &#x2F; working student &#x2F; junior When: Yesterday Our promise: We will be your career game-changer<p>We will jump-start your career:<p>You&#x27;ll take a deep dive into Software Engineering and&#x2F;or Systems Architecture in an early-stage startup. With us, you&#x27;ll build something people love, from scratch. We have to be truly Agile and deliver in quick, little iterations. We also can&#x27;t afford unstable code or unreliable systems. We take Software Crafting and Site Reliability Engineering very seriously. You will plan and grow software and systems as if it’s you own company. If you are dreaming of launching your startup in the future, there is no better place to prepare and learn. Your time at an early-stage startup like us will be a unique opportunity to grow Engineering&#x2F;Ops skills and have fun at the same time.<p>What you bring to the battlefield:<p>You know your way around PHP (we use modern, type safe PHP 7.3) and&#x2F;or (Postgre)SQL.
You have some exposure to JS&#x2F;CSS&#x2F;HTML5 doing modern frontend work.
You’ve used your favourite browser&#x27;s Developer Tools You have installed Linux somewhere once or twice.<p>Your responsibilities:<p>Help me design and implement new features and grow infrastructure. Improve our CI&#x2F;CD pipeline (GitLab). Deploying on a Friday night and actually enjoying the weekend is our end-game. You&#x27;ll research and implement algorithms from the Machine Learning, Statistics and Natural Language Processing (NLP) domains to improve critical parts of our product. Plan and grow Cloud infrastructure (AWS).<p>Write me, I&#x27;ll reply to all messages: artjom@sompani.com",,header,sompani ug,"Berlin, Germany",Germany,False,False,"sompani ug | software developer & devops | berlin | paid internship / junior position where: berlin what: 6 months paid internship / working student / junior when: yesterday our promise: we will be your career game-changer we will jump-start your career: you'll take a deep dive into software engineering and/or systems architecture in an early-stage startup. with us, you'll build something people love, from scratch. we have to be truly agile and deliver in quick, little iterations. we also can't afford unstable code or unreliable systems. we take software crafting and site reliability engineering very seriously. you will plan and grow software and systems as if it's you own company. if you are dreaming of launching your startup in the future, there is no better place to prepare and learn. your time at an early-stage startup like us will be a unique opportunity to grow engineering/ops skills and have fun at the same time. what you bring to the battlefield: you know your way around php (we use modern, type safe php 7.3) and/or (postgre)sql. you have some exposure to js/css/html5 doing modern frontend work. you've used your favourite browser's developer tools you have installed linux somewhere once or twice. your responsibilities: help me design and implement new features and grow infrastructure. improve our ci/cd pipeline (gitlab). deploying on a friday night and actually enjoying the weekend is our end-game. you'll research and implement algorithms from the machine learning, statistics and natural language processing (nlp) domains to improve critical parts of our product. plan and grow cloud infrastructure (aws). write me, i'll reply to all messages:",False,,,long,occasional,1.2020905189880693
18807021,2019-01,2019,2019-01-02,PlanGrid (YCW12),San Francisco,San Francisco,"Full-time, On-Site",,Visa,,True,846,False,True,False,"PlanGrid (YCW12) | San Francisco | Full-time, On-Site | Visa
We're building software that is changing the construction process (think GitHub for construction). Our users love our app because it helps them build real things more efficiently. By joining our team you can influence product decisions and work on interesting technical challenges (our client apps work with GBs of blueprints and metadata). Our engineering teams are small; whatever team you work on, you'll have a chance to have a big impact.
We're hiring across all of our engineering teams: Android, Web, iOS, Windows, Backend (Python).
You can see our job postings and apply here: https://jobs.lever.co/plangrid?lever-via=SzsN-_Jgq1
As an example, here's a detailed post about what working on the iOS team looks like: https://medium.com/plangrid-technology/working-on-the-plangr...","PlanGrid (YCW12) | San Francisco | Full-time, On-Site | Visa<p>We’re building software that is changing the construction process (think GitHub for construction). Our users love our app because it helps them build real things more efficiently. By joining our team you can influence product decisions and work on interesting technical challenges (our client apps work with GBs of blueprints and metadata). Our engineering teams are small; whatever team you work on, you&#x27;ll have a chance to have a big impact.<p>We’re hiring across all of our engineering teams: Android, Web, iOS, Windows, Backend (Python).<p>You can see our job postings and apply here: <a href=""https:&#x2F;&#x2F;jobs.lever.co&#x2F;plangrid?lever-via=SzsN-_Jgq1"" rel=""nofollow"">https:&#x2F;&#x2F;jobs.lever.co&#x2F;plangrid?lever-via=SzsN-_Jgq1</a><p>As an example, here&#x27;s a detailed post about what working on the iOS team looks like: <a href=""https:&#x2F;&#x2F;medium.com&#x2F;plangrid-technology&#x2F;working-on-the-plangrid-ios-team-1d1757c76be9"" rel=""nofollow"">https:&#x2F;&#x2F;medium.com&#x2F;plangrid-technology&#x2F;working-on-the-plangr...</a>",header,body,plangrid,"San Francisco, CA",USA,False,False,"plangrid (ycw12) | san francisco | full-time, on-site | visa we're building software that is changing the construction process (think github for construction). our users love our app because it helps them build real things more efficiently. by joining our team you can influence product decisions and work on interesting technical challenges (our client apps work with gbs of blueprints and metadata). our engineering teams are small; whatever team you work on, you'll have a chance to have a big impact. we're hiring across all of our engineering teams: android, web, ios, windows, backend (python). you can see our job postings and apply here: as an example, here's a detailed post about what working on the ios team looks like:",False,,18807021,medium,occasional,-0.4167518109300809
18807182,2019-01,2019,2019-01-02,Recursion Pharmaceuticals,"SLC, Utah",,"Onsite, full-time","We have raised over $80M to apply machine learning to one of the most unique datasets in existence - tens of millions of images of cells under a huge number of biological and chemical perturbations, generated in our own labs - in order to find treatments for hundreds of diseases. Our long term mission is to decode biology to radically improve lives - we want to understand biology so well that we can fix most things that go wrong in our bodies. Among other awesome folks, Yoshua Bengio is one of our advisors, and helps our ML team come up with novel ways of tackling these problems.",,,True,1826,False,True,False,"Recursion Pharmaceuticals | SLC, Utah | Onsite, full-time | We have raised over $80M to apply machine learning to one of the most unique datasets in existence - tens of millions of images of cells under a huge number of biological and chemical perturbations, generated in our own labs - in order to find treatments for hundreds of diseases. Our long term mission is to decode biology to radically improve lives - we want to understand biology so well that we can fix most things that go wrong in our bodies. Among other awesome folks, Yoshua Bengio is one of our advisors, and helps our ML team come up with novel ways of tackling these problems.
We're looking for:
* ML researchers: Looking for a highly experienced senior/principal-level machine learning researcher who wants a challenging problem, lots of rich data, and knowledge that their breakthroughs will seriously help people. No bio background needed.
* Biologists, computational biologists, computational chemists, automation scientists, and drug discovery experts.
http://www.recursionpharma.com/careers for more details and to apply.
Logistics: Salt Lake City, Utah. Hiking/running/biking is literally out our back door, and it's half an hour to 6 ski resorts. Great pay, health insurance, 401k, relocation assistance (onsite is required), equity, a top-caliber team, and help make a massively positive impact. Happy to sponsor/extend visas, but you need to already be authorized to work in the US--we can't handle the lottery at this stage.
Tech:
Data science: pydata stack (pandas, numpy, scikit-learn, matplotlib, bokeh, tensorflow w/keras, etc), a cluster of GPUs for all your research ideas
Software engineering: python, clojure[script], javascript, go, react.js, kafka, kubernetes (GKE), GCE, AWS
Our team of 110 so far: http://www.recursionpharma.com/team","Recursion Pharmaceuticals | SLC, Utah | Onsite, full-time | We have raised over $80M to apply machine learning to one of the most unique datasets in existence - tens of millions of images of cells under a huge number of biological and chemical perturbations, generated in our own labs - in order to find treatments for hundreds of diseases. Our long term mission is to decode biology to radically improve lives - we want to understand biology so well that we can fix most things that go wrong in our bodies. Among other awesome folks, Yoshua Bengio is one of our advisors, and helps our ML team come up with novel ways of tackling these problems.<p>We’re looking for:<p>* ML researchers: Looking for a highly experienced senior&#x2F;principal-level machine learning researcher who wants a challenging problem, lots of rich data, and knowledge that their breakthroughs will seriously help people. No bio background needed.<p>* Biologists, computational biologists, computational chemists, automation scientists, and drug discovery experts.
<a href=""http:&#x2F;&#x2F;www.recursionpharma.com&#x2F;careers"" rel=""nofollow"">http:&#x2F;&#x2F;www.recursionpharma.com&#x2F;careers</a> for more details and to apply.<p>Logistics: Salt Lake City, Utah. Hiking&#x2F;running&#x2F;biking is literally out our back door, and it&#x27;s half an hour to 6 ski resorts. Great pay, health insurance, 401k, relocation assistance (onsite is required), equity, a top-caliber team, and help make a massively positive impact. Happy to sponsor&#x2F;extend visas, but you need to already be authorized to work in the US--we can’t handle the lottery at this stage.<p>Tech:<p>Data science: pydata stack (pandas, numpy, scikit-learn, matplotlib, bokeh, tensorflow w&#x2F;keras, etc), a cluster of GPUs for all your research ideas
Software engineering: python, clojure[script], javascript, go, react.js, kafka, kubernetes (GKE), GCE, AWS
Our team of 110 so far: <a href=""http:&#x2F;&#x2F;www.recursionpharma.com&#x2F;team"" rel=""nofollow"">http:&#x2F;&#x2F;www.recursionpharma.com&#x2F;team</a>",header,,recursion pharmaceuticals,,,False,False,"recursion pharmaceuticals | slc, utah | onsite, full-time | we have raised over $80m to apply machine learning to one of the most unique datasets in existence - tens of millions of images of cells under a huge number of biological and chemical perturbations, generated in our own labs - in order to find treatments for hundreds of diseases. our long term mission is to decode biology to radically improve lives - we want to understand biology so well that we can fix most things that go wrong in our bodies. among other awesome folks, yoshua bengio is one of our advisors, and helps our ml team come up with novel ways of tackling these problems. we're looking for: * ml researchers: looking for a highly experienced senior/principal-level machine learning researcher who wants a challenging problem, lots of rich data, and knowledge that their breakthroughs will seriously help people. no bio background needed. * biologists, computational biologists, computational chemists, automation scientists, and drug discovery experts. for more details and to apply. logistics: salt lake city, utah. hiking/running/biking is literally out our back door, and it's half an hour to 6 ski resorts. great pay, health insurance, 401k, relocation assistance (onsite is required), equity, a top-caliber team, and help make a massively positive impact. happy to sponsor/extend visas, but you need to already be authorized to work in the us--we can't handle the lottery at this stage. tech: data science: pydata stack (pandas, numpy, scikit-learn, matplotlib, bokeh, tensorflow w/keras, etc), a cluster of gpus for all your research ideas software engineering: python, clojure[script], javascript, go, react.js, kafka, kubernetes (gke), gce, aws our team of 110 so far:",False,,18807182,long,persistent,1.4518765557598923
18807031,2019-01,2019,2019-01-02,HealthPrize,Frontend Engineer,"REMOTE or NYC, Norwalk, CT",REMOTE,,,Full-time | https://healthprize.com,True,638,False,True,False,"HealthPrize | Frontend Engineer | REMOTE or NYC, Norwalk, CT | Full-time | https://healthprize.com
At HealthPrize, we are changing the way people think about their medication and their health! Our growth is being fueled by work with leading brands in life sciences such as Abbott, Walgreens, and Gilead. Join the close-knit engineering team that designs & develops our industry leading patient engagement platform and work with us to measurably improve the state of healthcare globally.
Platform Hypewords: React, Redux, TypeScript, Slate, Downshift, ...
Frontend Engineer: https://healthprize.recruiterbox.com/jobs/fk0fiwk?source=Hac....","HealthPrize | Frontend Engineer | REMOTE or NYC, Norwalk, CT | Full-time | <a href=""https:&#x2F;&#x2F;healthprize.com"" rel=""nofollow"">https:&#x2F;&#x2F;healthprize.com</a><p>At HealthPrize, we are changing the way people think about their medication and their health! Our growth is being fueled by work with leading brands in life sciences such as Abbott, Walgreens, and Gilead. Join the close-knit engineering team that designs &amp; develops our industry leading patient engagement platform and work with us to measurably improve the state of healthcare globally.<p>Platform Hypewords: React, Redux, TypeScript, Slate, Downshift, ...<p>Frontend Engineer: <a href=""https:&#x2F;&#x2F;healthprize.recruiterbox.com&#x2F;jobs&#x2F;fk0fiwk?source=Hac.."" rel=""nofollow"">https:&#x2F;&#x2F;healthprize.recruiterbox.com&#x2F;jobs&#x2F;fk0fiwk?source=Hac...</a>.",body,header,healthprize,"New York, NY",USA,False,False,"healthprize | frontend engineer | remote or nyc, norwalk, ct | full-time | at healthprize, we are changing the way people think about their medication and their health! our growth is being fueled by work with leading brands in life sciences such as abbott, walgreens, and gilead. join the close-knit engineering team that designs & develops our industry leading patient engagement platform and work with us to measurably improve the state of healthcare globally. platform hypewords: react, redux, typescript, slate, downshift, ... frontend engineer:",False,,18807031,short,regular,-0.8133586479418303
18807020,2019-01,2019,2019-01-02,GitLab,Engineering and Non-Engineering Roles,,Remote Only,,,Full-time | https://about.gitlab.com/jobs/,True,490,False,True,False,"GitLab | Engineering and Non-Engineering Roles | Remote Only | Full-time | https://about.gitlab.com/jobs/
We're currently hiring engineers, product managers, professional services, strategic sales leaders, finance and people ops, management and director level positions, and more; see https://about.gitlab.com/jobs/.
We're a remote only company so everyone can participate and contribute equally. GitLab Community Edition is an open-source Ruby on Rails project with over 1000 contributors.","GitLab | Engineering and Non-Engineering Roles | Remote Only | Full-time | <a href=""https:&#x2F;&#x2F;about.gitlab.com&#x2F;jobs&#x2F;"" rel=""nofollow"">https:&#x2F;&#x2F;about.gitlab.com&#x2F;jobs&#x2F;</a><p>We&#x27;re currently hiring engineers, product managers, professional services, strategic sales leaders, finance and people ops, management and director level positions, and more; see <a href=""https:&#x2F;&#x2F;about.gitlab.com&#x2F;jobs&#x2F;"" rel=""nofollow"">https:&#x2F;&#x2F;about.gitlab.com&#x2F;jobs&#x2F;</a>.<p>We&#x27;re a remote only company so everyone can participate and contribute equally. GitLab Community Edition is an open-source Ruby on Rails project with over 1000 contributors.",header,,gitlab,,,False,False,"gitlab | engineering and non-engineering roles | remote only | full-time | we're currently hiring engineers, product managers, professional services, strategic sales leaders, finance and people ops, management and director level positions, and more; see we're a remote only company so everyone can participate and contribute equally. gitlab community edition is an open-source ruby on rails project with over 1000 contributors.",False,,,short,regular,-1.0955596665848057
18807093,2019-01,2019,2019-01-02,THORN,Data Engineer,REMOTE (US based),REMOTE,$100k - $150k + Amazing benefits https://www.thorn.org,,Full-stack Engineer | Full-stack Engineer with + UI/UX | Data Scientist | FULL-TIME,True,1648,False,True,False,"THORN | Data Engineer | Full-stack Engineer | Full-stack Engineer with + UI/UX | Data Scientist | REMOTE (US based) | FULL-TIME | $100k - $150k + Amazing benefits https://www.thorn.org
Thorn is a non-profit that builds technology to defend children from sexual abuse. Thorn gives you the opportunity to apply your expertise and passion for building to directly impact the lives of vulnerable and abused children. Our staff solves dynamic, quickly evolving problems with our network of partners from tech companies, NGOs, and law enforcement agencies. If you are able to bring clarity to complexity and lightness to heavy problems, you could be a great fit for our team.
We are hiring for:
Data Engineer: Apply today! https://grnh.se/d96da8052
Full-Stack Engineer: Apply today! https://grnh.se/35ead91b2
Full-stack Engineer with UI & UX design experience: Apply today! https://grnh.se/c9baa7dd2
Data Scientist: Apply today! https://grnh.se/0a426e162
Tech stack: React / Redux / Typescript / Express / GraphQL / Python / PostgreSQL / Elasticsearch / Spark / Kafka / Docker / Terraform / Kubernetes / AWS / Pandas / Scikit Learn / NLTK, Gensim / Tensorflow / Jupyter
Fully funded healthcare + unlimited vacation + remote first culture + flexible working + 401(k) + wellness.
As you will see from our careers page, we strive to balance hard work with a culture of resilience and support for one another, so that we can continue in our goal to stop online child sexual abuse. One way we achieve this is by closing for 3 weeks every year. Right now we are closed until January 7th, 2019, so please understand that it may take us a little time to respond.","THORN | Data Engineer | Full-stack Engineer | Full-stack Engineer with + UI&#x2F;UX | Data Scientist | REMOTE (US based) | FULL-TIME | $100k - $150k + Amazing benefits <a href=""https:&#x2F;&#x2F;www.thorn.org"" rel=""nofollow"">https:&#x2F;&#x2F;www.thorn.org</a><p>Thorn is a non-profit that builds technology to defend children from sexual abuse. Thorn gives you the opportunity to apply your expertise and passion for building to directly impact the lives of vulnerable and abused children. Our staff solves dynamic, quickly evolving problems with our network of partners from tech companies, NGOs, and law enforcement agencies. If you are able to bring clarity to complexity and lightness to heavy problems, you could be a great fit for our team.<p>We are hiring for:<p>Data Engineer: Apply today! <a href=""https:&#x2F;&#x2F;grnh.se&#x2F;d96da8052"" rel=""nofollow"">https:&#x2F;&#x2F;grnh.se&#x2F;d96da8052</a><p>Full-Stack Engineer: Apply today! <a href=""https:&#x2F;&#x2F;grnh.se&#x2F;35ead91b2"" rel=""nofollow"">https:&#x2F;&#x2F;grnh.se&#x2F;35ead91b2</a><p>Full-stack Engineer with UI &amp; UX design experience: Apply today! <a href=""https:&#x2F;&#x2F;grnh.se&#x2F;c9baa7dd2"" rel=""nofollow"">https:&#x2F;&#x2F;grnh.se&#x2F;c9baa7dd2</a><p>Data Scientist: Apply today! <a href=""https:&#x2F;&#x2F;grnh.se&#x2F;0a426e162"" rel=""nofollow"">https:&#x2F;&#x2F;grnh.se&#x2F;0a426e162</a><p>Tech stack: React &#x2F; Redux &#x2F; Typescript &#x2F; Express &#x2F; GraphQL &#x2F; Python &#x2F; PostgreSQL &#x2F; Elasticsearch &#x2F; Spark &#x2F; Kafka &#x2F; Docker &#x2F; Terraform &#x2F; Kubernetes &#x2F; AWS &#x2F; Pandas &#x2F; Scikit Learn &#x2F; NLTK, Gensim &#x2F; Tensorflow &#x2F; Jupyter<p>Fully funded healthcare + unlimited vacation + remote first culture + flexible working + 401(k) + wellness.<p>As you will see from our careers page, we strive to balance hard work with a culture of resilience and support for one another, so that we can continue in our goal to stop online child sexual abuse. One way we achieve this is by closing for 3 weeks every year. Right now we are closed until January 7th, 2019, so please understand that it may take us a little time to respond.",body,header,thorn,Remote,,False,False,"thorn | data engineer | full-stack engineer | full-stack engineer with + ui/ux | data scientist | remote (us based) | full-time | $100k - $150k + amazing benefits thorn is a non-profit that builds technology to defend children from sexual abuse. thorn gives you the opportunity to apply your expertise and passion for building to directly impact the lives of vulnerable and abused children. our staff solves dynamic, quickly evolving problems with our network of partners from tech companies, ngos, and law enforcement agencies. if you are able to bring clarity to complexity and lightness to heavy problems, you could be a great fit for our team. we are hiring for: data engineer: apply today! full-stack engineer: apply today! full-stack engineer with ui & ux design experience: apply today! data scientist: apply today! tech stack: react / redux / typescript / express / graphql / python / postgresql / elasticsearch / spark / kafka / docker / terraform / kubernetes / aws / pandas / scikit learn / nltk, gensim / tensorflow / jupyter fully funded healthcare + unlimited vacation + remote first culture + flexible working + 401(k) + wellness. as you will see from our careers page, we strive to balance hard work with a culture of resilience and support for one another, so that we can continue in our goal to stop online child sexual abuse. one way we achieve this is by closing for 3 weeks every year. right now we are closed until january 7th, 2019, so please understand that it may take us a little time to respond.",False,,,long,regular,1.1124726279325297
18807187,2019-01,2019,2019-01-02,Streak,Site Lead,"Vancouver, BC",ONSITE,,,,True,1885,False,True,False,"Streak | Site Lead | Vancouver, BC | ONSITE
https://www.streak.com/careers/vancouver-site-lead
Streak is establishing our first engineering office outside of San Francisco. We know that it takes focus and intentional planning to make a distributed office a success, and we're looking to partner with an experienced engineer to take on the role of site lead and build out the office.
Your day to day will include:
- Engineering: We're not particular about where in the stack you're looking to contribute (see our existing engineering reqs for some possibilities, but we're flexible), but we are looking for somebody with a strong engineering background who wants to be hands-on as the team gets off the ground. As the team grows, we'll figure out together what division of time makes sense.
- People Management: Work with Vancouver engineers to make sure they're happy, healthy, and engaged. Ensure that the team grows in a way that makes sense for both the office and Streak overall. Facilitate communication both within the site and with the San Francisco team.
- Recruiting: Lead hiring in Vancouver and work with the Streak recruiting team to source great candidates. Attend meetups and events, be the face of Streak in Vancouver.
We are excited about you if you:
- You're an experienced engineer. You've contributed significantly to an evolving codebase and have the learnings to show from it.
- You're an experienced leader. You've been a people manager, a product manager, or a tech lead for a significant team or product.
It would be phenomenal if:
- You have experience with distributed teams, especially in management.
- You're familiar with the tech ecosystem in Vancouver. We're new here ourselves and would love to partner with someone who knows their way around.
To learn more about the company and how we operate check out our careers page https://www.streak.com/careers.","Streak | Site Lead | Vancouver, BC | ONSITE<p><a href=""https:&#x2F;&#x2F;www.streak.com&#x2F;careers&#x2F;vancouver-site-lead"" rel=""nofollow"">https:&#x2F;&#x2F;www.streak.com&#x2F;careers&#x2F;vancouver-site-lead</a><p>Streak is establishing our first engineering office outside of San Francisco. We know that it takes focus and intentional planning to make a distributed office a success, and we&#x27;re looking to partner with an experienced engineer to take on the role of site lead and build out the office.<p>Your day to day will include:<p>- Engineering: We&#x27;re not particular about where in the stack you&#x27;re looking to contribute (see our existing engineering reqs for some possibilities, but we&#x27;re flexible), but we are looking for somebody with a strong engineering background who wants to be hands-on as the team gets off the ground. As the team grows, we&#x27;ll figure out together what division of time makes sense.<p>- People Management: Work with Vancouver engineers to make sure they&#x27;re happy, healthy, and engaged. Ensure that the team grows in a way that makes sense for both the office and Streak overall. Facilitate communication both within the site and with the San Francisco team.<p>- Recruiting: Lead hiring in Vancouver and work with the Streak recruiting team to source great candidates. Attend meetups and events, be the face of Streak in Vancouver.<p>We are excited about you if you:<p>- You&#x27;re an experienced engineer. You&#x27;ve contributed significantly to an evolving codebase and have the learnings to show from it.<p>- You&#x27;re an experienced leader. You&#x27;ve been a people manager, a product manager, or a tech lead for a significant team or product.<p>It would be phenomenal if:<p>- You have experience with distributed teams, especially in management.<p>- You&#x27;re familiar with the tech ecosystem in Vancouver. We&#x27;re new here ourselves and would love to partner with someone who knows their way around.<p>To learn more about the company and how we operate check out our careers page <a href=""https:&#x2F;&#x2F;www.streak.com&#x2F;careers"" rel=""nofollow"">https:&#x2F;&#x2F;www.streak.com&#x2F;careers</a>.",header,header,streak,"Vancouver, BC",,False,False,"streak | site lead | vancouver, bc | onsite streak is establishing our first engineering office outside of san francisco. we know that it takes focus and intentional planning to make a distributed office a success, and we're looking to partner with an experienced engineer to take on the role of site lead and build out the office. your day to day will include: - engineering: we're not particular about where in the stack you're looking to contribute (see our existing engineering reqs for some possibilities, but we're flexible), but we are looking for somebody with a strong engineering background who wants to be hands-on as the team gets off the ground. as the team grows, we'll figure out together what division of time makes sense. - people management: work with vancouver engineers to make sure they're happy, healthy, and engaged. ensure that the team grows in a way that makes sense for both the office and streak overall. facilitate communication both within the site and with the san francisco team. - recruiting: lead hiring in vancouver and work with the streak recruiting team to source great candidates. attend meetups and events, be the face of streak in vancouver. we are excited about you if you: - you're an experienced engineer. you've contributed significantly to an evolving codebase and have the learnings to show from it. - you're an experienced leader. you've been a people manager, a product manager, or a tech lead for a significant team or product. it would be phenomenal if: - you have experience with distributed teams, especially in management. - you're familiar with the tech ecosystem in vancouver. we're new here ourselves and would love to partner with someone who knows their way around. to learn more about the company and how we operate check out our careers page",False,,18807187,long,persistent,1.5643756104891864
18807106,2019-01,2019,2019-01-02,smapiot,SW Architects and SW Engineers,"Munich, Germany",ONSITE,,,Full-time,True,1373,True,True,False,"smapiot | SW Architects and SW Engineers | ONSITE | Full-time | Munich, Germany
smapiot (https://smapiot.com) is a young startup focusing on premium IT consulting and on engineering software services in the IoT and development tooling space. For smapiot the bread and butter business is the development of cloud native applications featuring reliability, scalability and security. Our consulting projects touch a broad functional spectrum including identity management systems and smart home platforms.
Our technology stack includes C#, TypeScript, Node.js, ReactJS, Microsoft Azure, Kubernetes, Docker, MongoDB and many more interesting and leading-edge technologies. Essential to us is a friendly and collaborative working environment which fosters a constructive and open discussion culture, while working in an agile and flexible way tailored to our needs. Within smapiot everyone has a tech background and we are proud of our experienced architecture team. Regularly we meet up in joint retreats, general tech discussion sessions, or other team activities.
We are looking for skilled full stack web and backend developers who are keen on building amazing tools and state-of-the-art solutions. If you are attracted by the vision of contributing to the growth of a young, innovative company, then don't hesitate to contact us by writing a mail to recruiting@smapiot.com.","smapiot | SW Architects and SW Engineers | ONSITE | Full-time | Munich, Germany<p>smapiot (<a href=""https:&#x2F;&#x2F;smapiot.com"" rel=""nofollow"">https:&#x2F;&#x2F;smapiot.com</a>) is a young startup focusing on premium IT consulting and on engineering software services in the IoT and development tooling space. For smapiot the bread and butter business is the development of cloud native applications featuring reliability, scalability and security. Our consulting projects touch a broad functional spectrum including identity management systems and smart home platforms.<p>Our technology stack includes C#, TypeScript, Node.js, ReactJS, Microsoft Azure, Kubernetes, Docker, MongoDB and many more interesting and leading-edge technologies. Essential to us is a friendly and collaborative working environment which fosters a constructive and open discussion culture, while working in an agile and flexible way tailored to our needs. Within smapiot everyone has a tech background and we are proud of our experienced architecture team. Regularly we meet up in joint retreats, general tech discussion sessions, or other team activities.<p>We are looking for skilled full stack web and backend developers who are keen on building amazing tools and state-of-the-art solutions. If you are attracted by the vision of contributing to the growth of a young, innovative company, then don&#x27;t hesitate to contact us by writing a mail to recruiting@smapiot.com.",header,header,smapiot,"Munich, Germany",,False,False,"smapiot | sw architects and sw engineers | onsite | full-time | munich, germany smapiot ( is a young startup focusing on premium it consulting and on engineering software services in the iot and development tooling space. for smapiot the bread and butter business is the development of cloud native applications featuring reliability, scalability and security. our consulting projects touch a broad functional spectrum including identity management systems and smart home platforms. our technology stack includes c#, typescript, node.js, reactjs, microsoft azure, kubernetes, docker, mongodb and many more interesting and leading-edge technologies. essential to us is a friendly and collaborative working environment which fosters a constructive and open discussion culture, while working in an agile and flexible way tailored to our needs. within smapiot everyone has a tech background and we are proud of our experienced architecture team. regularly we meet up in joint retreats, general tech discussion sessions, or other team activities. we are looking for skilled full stack web and backend developers who are keen on building amazing tools and state-of-the-art solutions. if you are attracted by the vision of contributing to the growth of a young, innovative company, then don't hesitate to contact us by writing a mail to",False,,18807106,long,persistent,0.5881126270756495
18807086,2019-01,2019,2019-01-02,Tray.io,London,London,Onsite,,,System / Full Stack / Test Engineers | Full-time | https://tray.io/,True,1598,False,True,False,"Tray.io | London | System / Full Stack / Test Engineers | Full-time | Onsite | https://tray.io/
Tray.io is ushering in the era of the automated organisation. We believe that any organisation can and should automate. With Tray.io, citizen automators throughout organisations can easily automate complex processes through a powerful, flexible platform, and can connect their entire cloud stack thanks to APIs.
We are an ambitious and well-funded startup looking for top engineering talent to make connecting software services a breeze. Many software services we use every day are distinctly separate and difficult to use together - we intend to fix that. Our challenge is to build a cutting-edge product that is powerful and complete while also being beautiful and easy to use. You'll get to make your mark at a rapidly-growing company positioned to completely reinvent a multibillion-dollar industry.
Current open roles:
- Systems Software Engineer https://tray-io.workable.com/j/A989E2788E
- Software Development Engineer in Test (SDET) https://tray-io.workable.com/j/B966DEFE9F
- Implementation Engineer https://tray-io.workable.com/j/1401E5E51B
- Junior Javascript Software Engineer https://tray-io.workable.com/j/ECA9DB9833
- Technical Talent Manager https://tray-io.workable.com/j/1E729ED3DB
Tech stack: Scala, Go, JavaScript, TypeScript, PostgreSQL, Redis, ElasticSearch, Cassandra, AWS SQS, AWS Kinesis Docker, Terraform, AWS Lambda Serverless Framework, Jenkins, Grafana, Prometheus AWS & Linux.
If you are curious and want to know more, have a look at our careers page: https://tray.io/jobs","Tray.io | London | System &#x2F; Full Stack &#x2F; Test Engineers | Full-time | Onsite | <a href=""https:&#x2F;&#x2F;tray.io&#x2F;"" rel=""nofollow"">https:&#x2F;&#x2F;tray.io&#x2F;</a><p>Tray.io is ushering in the era of the automated organisation. We believe that any organisation can and should automate. With Tray.io, citizen automators throughout organisations can easily automate complex processes through a powerful, flexible platform, and can connect their entire cloud stack thanks to APIs.<p>We are an ambitious and well-funded startup looking for top engineering talent to make connecting software services a breeze. Many software services we use every day are distinctly separate and difficult to use together - we intend to fix that. Our challenge is to build a cutting-edge product that is powerful and complete while also being beautiful and easy to use. You&#x27;ll get to make your mark at a rapidly-growing company positioned to completely reinvent a multibillion-dollar industry.<p>Current open roles:<p>- Systems Software Engineer <a href=""https:&#x2F;&#x2F;tray-io.workable.com&#x2F;j&#x2F;A989E2788E"" rel=""nofollow"">https:&#x2F;&#x2F;tray-io.workable.com&#x2F;j&#x2F;A989E2788E</a><p>- Software Development Engineer in Test (SDET) <a href=""https:&#x2F;&#x2F;tray-io.workable.com&#x2F;j&#x2F;B966DEFE9F"" rel=""nofollow"">https:&#x2F;&#x2F;tray-io.workable.com&#x2F;j&#x2F;B966DEFE9F</a><p>- Implementation Engineer <a href=""https:&#x2F;&#x2F;tray-io.workable.com&#x2F;j&#x2F;1401E5E51B"" rel=""nofollow"">https:&#x2F;&#x2F;tray-io.workable.com&#x2F;j&#x2F;1401E5E51B</a><p>- Junior Javascript Software Engineer <a href=""https:&#x2F;&#x2F;tray-io.workable.com&#x2F;j&#x2F;ECA9DB9833"" rel=""nofollow"">https:&#x2F;&#x2F;tray-io.workable.com&#x2F;j&#x2F;ECA9DB9833</a><p>- Technical Talent Manager <a href=""https:&#x2F;&#x2F;tray-io.workable.com&#x2F;j&#x2F;1E729ED3DB"" rel=""nofollow"">https:&#x2F;&#x2F;tray-io.workable.com&#x2F;j&#x2F;1E729ED3DB</a><p>Tech stack: Scala, Go, JavaScript, TypeScript, PostgreSQL, Redis, ElasticSearch, Cassandra, AWS SQS, AWS Kinesis Docker, Terraform, AWS Lambda Serverless Framework, Jenkins, Grafana, Prometheus AWS &amp; Linux.<p>If you are curious and want to know more, have a look at our careers page: <a href=""https:&#x2F;&#x2F;tray.io&#x2F;jobs"" rel=""nofollow"">https:&#x2F;&#x2F;tray.io&#x2F;jobs</a>",header,body,tray io,"London, UK",United Kingdom,False,False,"tray.io | london | system / full stack / test engineers | full-time | onsite | tray.io is ushering in the era of the automated organisation. we believe that any organisation can and should automate. with tray.io, citizen automators throughout organisations can easily automate complex processes through a powerful, flexible platform, and can connect their entire cloud stack thanks to apis. we are an ambitious and well-funded startup looking for top engineering talent to make connecting software services a breeze. many software services we use every day are distinctly separate and difficult to use together - we intend to fix that. our challenge is to build a cutting-edge product that is powerful and complete while also being beautiful and easy to use. you'll get to make your mark at a rapidly-growing company positioned to completely reinvent a multibillion-dollar industry. current open roles: - systems software engineer - software development engineer in test (sdet) - implementation engineer - junior javascript software engineer - technical talent manager tech stack: scala, go, javascript, typescript, postgresql, redis, elasticsearch, cassandra, aws sqs, aws kinesis docker, terraform, aws lambda serverless framework, jenkins, grafana, prometheus aws & linux. if you are curious and want to know more, have a look at our careers page:",False,,,long,persistent,1.0171344459585514
18807054,2019-01,2019,2019-01-02,Aquabyte,"San Francisco, CA","San Francisco, CA",ONSITE,,"ONSITE, VISA https://jobs.lever.co/aquabyte/",Full Time | Software Engineer / Head of Engineering,True,1832,True,True,False,"Aquabyte | San Francisco, CA | Full Time | Software Engineer / Head of Engineering | ONSITE, VISA https://jobs.lever.co/aquabyte/
Aquabyte (https://www.aquabyte.ai, backed by NEA and Costanoa, top tier investors) is looking for software engineers with experience shipping production code.
Building software for fish farms using underwater IOT cameras and analyzing fish weight with deep learning. Good for the environment and travel to Norway!
Our company is based in SF with offices in Norway and code is primarily in Python, Go, and Node.js.
We are one of the few companies applying machine learning / computer vision to directly solve the world's food sustainability issues. By improving fish farm efficiency (#1 growing sector of food production, $180B globally), we help close the world's impending protein deficit.
We work on very challenging infrastructure problems in IOT and machine learning - our team represents engineering graduates from Princeton and Stanford. If interested, please apply at https://jobs.lever.co/aquabyte/
Learn more about Aquabyte at https://www.aquabyte.ai. Email jobs@aquabyte.ai with any questions!
We're Hiring:
• Software Engineer: https://jobs.lever.co/aquabyte/e7da4eb7-247c-495d-a320-06565...
• Head of Engineering: https://jobs.lever.co/aquabyte/b951497b-b4e6-4c94-b35f-83bc8...
• Platform Software Engineer: https://jobs.lever.co/aquabyte/84170ca4-40a6-49f7-ae60-a6721...
• Edge Performance Software Engineer: https://jobs.lever.co/aquabyte/d3824e73-8e92-463e-b653-5afac...
• EdgeOps Engineer: https://jobs.lever.co/aquabyte/3941e5ea-6da0-4b22-af61-f352c...
• Deep Learning Engineer: https://jobs.lever.co/aquabyte/3bfb2ded-ab6b-4677-901b-ffe65...
• Deep Learning Platform Engineer: https://jobs.lever.co/aquabyte/7caacdd6-9988-4646-bf04-924f4...
• And more: https://jobs.lever.co/aquabyte/","Aquabyte | San Francisco, CA | Full Time | Software Engineer &#x2F; Head of Engineering | ONSITE, VISA <a href=""https:&#x2F;&#x2F;jobs.lever.co&#x2F;aquabyte&#x2F;"" rel=""nofollow"">https:&#x2F;&#x2F;jobs.lever.co&#x2F;aquabyte&#x2F;</a><p>Aquabyte (<a href=""https:&#x2F;&#x2F;www.aquabyte.ai"" rel=""nofollow"">https:&#x2F;&#x2F;www.aquabyte.ai</a>, backed by NEA and Costanoa, top tier investors) is looking for software engineers with experience shipping production code.<p>Building software for fish farms using underwater IOT cameras and analyzing fish weight with deep learning. Good for the environment and travel to Norway!<p>Our company is based in SF with offices in Norway and code is primarily in Python, Go, and Node.js.<p>We are one of the few companies applying machine learning &#x2F; computer vision to directly solve the world’s food sustainability issues. By improving fish farm efficiency (#1 growing sector of food production, $180B globally), we help close the world’s impending protein deficit.<p>We work on very challenging infrastructure problems in IOT and machine learning - our team represents engineering graduates from Princeton and Stanford. If interested, please apply at <a href=""https:&#x2F;&#x2F;jobs.lever.co&#x2F;aquabyte&#x2F;"" rel=""nofollow"">https:&#x2F;&#x2F;jobs.lever.co&#x2F;aquabyte&#x2F;</a><p>Learn more about Aquabyte at <a href=""https:&#x2F;&#x2F;www.aquabyte.ai"" rel=""nofollow"">https:&#x2F;&#x2F;www.aquabyte.ai</a>. Email jobs@aquabyte.ai with any questions!<p>We&#x27;re Hiring:<p>• Software Engineer: <a href=""https:&#x2F;&#x2F;jobs.lever.co&#x2F;aquabyte&#x2F;e7da4eb7-247c-495d-a320-065655471e36"" rel=""nofollow"">https:&#x2F;&#x2F;jobs.lever.co&#x2F;aquabyte&#x2F;e7da4eb7-247c-495d-a320-06565...</a><p>• Head of Engineering: <a href=""https:&#x2F;&#x2F;jobs.lever.co&#x2F;aquabyte&#x2F;b951497b-b4e6-4c94-b35f-83bc8624f312"" rel=""nofollow"">https:&#x2F;&#x2F;jobs.lever.co&#x2F;aquabyte&#x2F;b951497b-b4e6-4c94-b35f-83bc8...</a><p>• Platform Software Engineer: <a href=""https:&#x2F;&#x2F;jobs.lever.co&#x2F;aquabyte&#x2F;84170ca4-40a6-49f7-ae60-a672107e1ff9"" rel=""nofollow"">https:&#x2F;&#x2F;jobs.lever.co&#x2F;aquabyte&#x2F;84170ca4-40a6-49f7-ae60-a6721...</a><p>• Edge Performance Software Engineer: <a href=""https:&#x2F;&#x2F;jobs.lever.co&#x2F;aquabyte&#x2F;d3824e73-8e92-463e-b653-5afac6a7bead"" rel=""nofollow"">https:&#x2F;&#x2F;jobs.lever.co&#x2F;aquabyte&#x2F;d3824e73-8e92-463e-b653-5afac...</a><p>• EdgeOps Engineer: <a href=""https:&#x2F;&#x2F;jobs.lever.co&#x2F;aquabyte&#x2F;3941e5ea-6da0-4b22-af61-f352cab5ad2d"" rel=""nofollow"">https:&#x2F;&#x2F;jobs.lever.co&#x2F;aquabyte&#x2F;3941e5ea-6da0-4b22-af61-f352c...</a><p>• Deep Learning Engineer: <a href=""https:&#x2F;&#x2F;jobs.lever.co&#x2F;aquabyte&#x2F;3bfb2ded-ab6b-4677-901b-ffe65e1fd5b8"" rel=""nofollow"">https:&#x2F;&#x2F;jobs.lever.co&#x2F;aquabyte&#x2F;3bfb2ded-ab6b-4677-901b-ffe65...</a><p>• Deep Learning Platform Engineer: <a href=""https:&#x2F;&#x2F;jobs.lever.co&#x2F;aquabyte&#x2F;7caacdd6-9988-4646-bf04-924f4b758887"" rel=""nofollow"">https:&#x2F;&#x2F;jobs.lever.co&#x2F;aquabyte&#x2F;7caacdd6-9988-4646-bf04-924f4...</a><p>• And more: <a href=""https:&#x2F;&#x2F;jobs.lever.co&#x2F;aquabyte&#x2F;"" rel=""nofollow"">https:&#x2F;&#x2F;jobs.lever.co&#x2F;aquabyte&#x2F;</a>",body,body,aquabyte,"San Francisco, CA",USA,False,False,"aquabyte | san francisco, ca | full time | software engineer / head of engineering | onsite, visa aquabyte ( backed by nea and costanoa, top tier investors) is looking for software engineers with experience shipping production code. building software for fish farms using underwater iot cameras and analyzing fish weight with deep learning. good for the environment and travel to norway! our company is based in sf with offices in norway and code is primarily in python, go, and node.js. we are one of the few companies applying machine learning / computer vision to directly solve the world's food sustainability issues. by improving fish farm efficiency (#1 growing sector of food production, $180b globally), we help close the world's impending protein deficit. we work on very challenging infrastructure problems in iot and machine learning - our team represents engineering graduates from princeton and stanford. if interested, please apply at learn more about aquabyte at email with any questions! we're hiring: • software engineer: • head of engineering: • platform software engineer: • edge performance software engineer: • edgeops engineer: • deep learning engineer: • deep learning platform engineer: • and more:",False,,18807054,long,persistent,1.4633171375967695
